variable,method,mean_MAE,mean_RMSE
humidity_mean_percent,KNN,2.551229863761782,3.44694992807124
humidity_mean_percent,Seasonal,2.6646026942159815,3.4971660251280885
humidity_mean_percent,Linear,2.7803060800039674,3.744448665851683
rainfall_total_mm,KNN,55.13097864631058,79.19287459470972
rainfall_total_mm,Seasonal,67.4868397922329,97.86650145683222
rainfall_total_mm,Linear,83.31100737378407,112.99324322022143
temperature_mean_c,Linear,0.4092196556700589,0.5352859182533237
temperature_mean_c,Seasonal,0.488763842054482,0.6289969486272279
temperature_mean_c,KNN,1.3685478169052157,2.079613366754548
wind_speed_mean_kmh,Seasonal,1.490168802837361,2.000375081419293
wind_speed_mean_kmh,Linear,1.963234418864518,2.6105178285848303
wind_speed_mean_kmh,KNN,3.5939652805316697,4.722652198895352
