variable,missingness_type,mask_rate,gap_length,masked_observations,method,MAE,RMSE
temperature_mean_c,Random isolated,0.05,,206,Linear,0.3304135774994254,0.43790810237462663
temperature_mean_c,Random isolated,0.05,,206,Seasonal,0.49673839773668316,0.6348997276099735
temperature_mean_c,Random isolated,0.05,,206,KNN,1.36698909763464,1.9907926923985992
temperature_mean_c,Random isolated,0.1,,412,Linear,0.35150164605379075,0.46556574567736175
temperature_mean_c,Random isolated,0.1,,412,Seasonal,0.5029546369952329,0.6463418923019414
temperature_mean_c,Random isolated,0.1,,412,KNN,1.3223313194599333,1.972360511887
temperature_mean_c,Random isolated,0.2,,825,Linear,0.35088169240474004,0.4630052503365069
temperature_mean_c,Random isolated,0.2,,825,Seasonal,0.48835989500755633,0.633024044628416
temperature_mean_c,Random isolated,0.2,,825,KNN,1.284465033583288,1.9591642369017441
humidity_mean_percent,Random isolated,0.05,,206,Linear,2.387664321635434,3.2516349489941367
humidity_mean_percent,Random isolated,0.05,,206,Seasonal,2.8129890099633363,3.592842725985799
humidity_mean_percent,Random isolated,0.05,,206,KNN,2.422956277851403,3.2912622900076967
humidity_mean_percent,Random isolated,0.1,,412,Linear,2.3575110608752885,3.1950239658462074
humidity_mean_percent,Random isolated,0.1,,412,Seasonal,2.760301726825187,3.5970609719013695
humidity_mean_percent,Random isolated,0.1,,412,KNN,2.529303914339327,3.5234884989676836
humidity_mean_percent,Random isolated,0.2,,825,Linear,2.4242213233960457,3.243967505595788
humidity_mean_percent,Random isolated,0.2,,825,Seasonal,2.660878071041227,3.5612084276026876
humidity_mean_percent,Random isolated,0.2,,825,KNN,2.5171055962826525,3.500267091757068
rainfall_total_mm,Random isolated,0.05,,206,Linear,74.0633495145631,102.37214058060272
rainfall_total_mm,Random isolated,0.05,,206,Seasonal,72.85287039012766,107.98357399718532
rainfall_total_mm,Random isolated,0.05,,206,KNN,57.50415202606415,81.04688838592122
rainfall_total_mm,Random isolated,0.1,,412,Linear,78.27434119278779,109.25324192897338
rainfall_total_mm,Random isolated,0.1,,412,Seasonal,70.32865894623177,104.81143113622787
rainfall_total_mm,Random isolated,0.1,,412,KNN,60.90722026996315,88.9826856133225
rainfall_total_mm,Random isolated,0.2,,825,Linear,77.10900432900434,106.69300243204974
rainfall_total_mm,Random isolated,0.2,,825,Seasonal,69.04085026137882,100.81660722907792
rainfall_total_mm,Random isolated,0.2,,825,KNN,58.02729057052667,83.829280207856
wind_speed_mean_kmh,Random isolated,0.05,,206,Linear,1.6727422972023678,2.3194012170330285
wind_speed_mean_kmh,Random isolated,0.05,,206,Seasonal,1.4364082493592385,1.9399914085548353
wind_speed_mean_kmh,Random isolated,0.05,,206,KNN,3.748080234018863,4.764967238796578
wind_speed_mean_kmh,Random isolated,0.1,,412,Linear,1.6450414278726762,2.244130521642606
wind_speed_mean_kmh,Random isolated,0.1,,412,Seasonal,1.4208927353102647,1.9213595439893298
wind_speed_mean_kmh,Random isolated,0.1,,412,KNN,3.6492143434638775,4.753936478650864
wind_speed_mean_kmh,Random isolated,0.2,,825,Linear,1.6325663342626968,2.224235149999002
wind_speed_mean_kmh,Random isolated,0.2,,825,Seasonal,1.4883132648768784,1.9936247635787774
wind_speed_mean_kmh,Random isolated,0.2,,825,KNN,3.5773737826662426,4.669241211797769
temperature_mean_c,Temporal gap,,1.0,75,Linear,0.36695822977911957,0.45911574222385027
temperature_mean_c,Temporal gap,,1.0,75,Seasonal,0.46668291274662804,0.6133817445031179
temperature_mean_c,Temporal gap,,1.0,75,KNN,1.4574433665138224,2.281612199429193
temperature_mean_c,Temporal gap,,2.0,150,Linear,0.4737733426323192,0.6107972794387755
temperature_mean_c,Temporal gap,,2.0,150,Seasonal,0.47185240267868733,0.5798589768971348
temperature_mean_c,Temporal gap,,2.0,150,KNN,1.3560120526380732,2.137161727889088
temperature_mean_c,Temporal gap,,3.0,225,Linear,0.5817894456509584,0.7753233894688214
temperature_mean_c,Temporal gap,,3.0,225,Seasonal,0.5059948071621041,0.6664753058227838
temperature_mean_c,Temporal gap,,3.0,225,KNN,1.4240460316015364,2.136588832021665
humidity_mean_percent,Temporal gap,,1.0,75,Linear,2.9289249725444497,3.8626603866875224
humidity_mean_percent,Temporal gap,,1.0,75,Seasonal,2.633847578084999,3.522160214342974
humidity_mean_percent,Temporal gap,,1.0,75,KNN,2.7214794215865323,3.465946108502031
humidity_mean_percent,Temporal gap,,2.0,150,Linear,2.855658896598807,3.847243483803359
humidity_mean_percent,Temporal gap,,2.0,150,Seasonal,2.447482168773426,3.09797267371897
humidity_mean_percent,Temporal gap,,2.0,150,KNN,2.361656166716572,3.168642180171159
humidity_mean_percent,Temporal gap,,3.0,225,Linear,3.7278559049737807,5.066161704183082
humidity_mean_percent,Temporal gap,,3.0,225,Seasonal,2.672117610607715,3.611751137216732
humidity_mean_percent,Temporal gap,,3.0,225,KNN,2.7548778057942056,3.7320933990218035
rainfall_total_mm,Temporal gap,,1.0,75,Linear,84.89690476190476,107.82779039812908
rainfall_total_mm,Temporal gap,,1.0,75,Seasonal,61.3015347985348,82.57405420704778
rainfall_total_mm,Temporal gap,,1.0,75,KNN,47.29671879147339,68.33181707971357
rainfall_total_mm,Temporal gap,,2.0,150,Linear,90.42907936507936,124.73419511925499
rainfall_total_mm,Temporal gap,,2.0,150,Seasonal,65.43980097680098,95.5183497337892
rainfall_total_mm,Temporal gap,,2.0,150,KNN,55.8446888402096,80.57046296164916
rainfall_total_mm,Temporal gap,,3.0,225,Linear,95.09336507936506,127.07908886231873
rainfall_total_mm,Temporal gap,,3.0,225,Seasonal,65.95732338032337,95.49499243766526
rainfall_total_mm,Temporal gap,,3.0,225,KNN,51.20580137962652,72.3961133197959
wind_speed_mean_kmh,Temporal gap,,1.0,75,Linear,1.8558438344191954,2.4154729240131756
wind_speed_mean_kmh,Temporal gap,,1.0,75,Seasonal,1.4024183330820703,1.9025160847819242
wind_speed_mean_kmh,Temporal gap,,1.0,75,KNN,3.6533151908079087,4.885364089343712
wind_speed_mean_kmh,Temporal gap,,2.0,150,Linear,2.327093955247159,3.0058613138320425
wind_speed_mean_kmh,Temporal gap,,2.0,150,Seasonal,1.6884293490257116,2.237538398352456
wind_speed_mean_kmh,Temporal gap,,2.0,150,KNN,3.353564416590111,4.463918132763541
wind_speed_mean_kmh,Temporal gap,,3.0,225,Linear,2.6461186641830134,3.4540058449891258
wind_speed_mean_kmh,Temporal gap,,3.0,225,Seasonal,1.504550885370003,2.0072202892584343
wind_speed_mean_kmh,Temporal gap,,3.0,225,KNN,3.582243715643018,4.798486042019646
